DROP PROCEDURE IF EXISTS SP_MERGING_MENU_INSERT;
CREATE PROCEDURE SP_MERGING_MENU_INSERT(
IN FILENAME TEXT,
IN USERSTAMP VARCHAR(50),
OUT SUCCESS_MESSAGE TEXT)
BEGIN
	DECLARE FAILURE_ECN_DATA TEXT;
	DECLARE FAIL_ECNDATA TEXT;
    DECLARE SUCCESS_ECNDATA TEXT;
	DECLARE FAILURE_ECNDATA TEXT;
	DECLARE SUCCESSECNDATA TEXT;
	DECLARE FAILUREECNDATA TEXT;
	DECLARE PATCHFILENAME VARCHAR(100);
	DECLARE PHSTATUS TINYINT;
	DECLARE EXIT HANDLER FOR SQLEXCEPTION
	BEGIN 
		ROLLBACK;
		INSERT INTO PATCH_HISTORY(PO_ID,PH_FILE_NAME,PH_STATUS,ULD_ID) VALUES (2,FILENAME,0,(SELECT ULD_ID FROM USER_LOGIN_DETAILS 
		WHERE ULD_LOGINID=USERSTAMP));
		SET SUCCESS_MESSAGE = FAIL_ECNDATA;
	END;
	START TRANSACTION;
	SET SUCCESS_ECNDATA =  (SELECT EMC_DATA FROM ERROR_MESSAGE_CONFIGURATION WHERE EMC_ID=469);
	SET FAILURE_ECNDATA =  (SELECT EMC_DATA FROM ERROR_MESSAGE_CONFIGURATION WHERE EMC_ID=470);
	SET FAILURE_ECN_DATA = (SELECT EMC_DATA FROM ERROR_MESSAGE_CONFIGURATION WHERE EMC_ID=473);
	SET SUCCESSECNDATA = (SELECT REPLACE(SUCCESS_ECNDATA,'[FILENAME]',FILENAME));
	SET FAILUREECNDATA = (SELECT REPLACE(FAILURE_ECNDATA,'[FILENAME]',FILENAME));
	SET FAIL_ECNDATA = (SELECT REPLACE(FAILURE_ECN_DATA,'[FILENAME]',FILENAME));
	IF EXISTS(SELECT PH_FILE_NAME FROM PATCH_HISTORY WHERE PH_FILE_NAME = FILENAME AND PH_STATUS = 1) THEN
		SET SUCCESS_MESSAGE = FAILUREECNDATA;
	END IF;	
	SET PATCHFILENAME = (SELECT PH_FILE_NAME FROM PATCH_HISTORY WHERE PH_FILE_NAME = FILENAME);
	SET PHSTATUS = (SELECT PH_STATUS FROM PATCH_HISTORY WHERE PH_FILE_NAME = FILENAME AND PH_STATUS = 0);	
	IF ((PATCHFILENAME IS NOT NULL) AND (PHSTATUS = 0)) OR (PATCHFILENAME IS NULL)THEN
		ALTER TABLE MENU_PROFILE MODIFY COLUMN MP_MSUBMENU VARCHAR(50) NULL;
		SET FOREIGN_KEY_CHECKS=0;
		TRUNCATE MENU_PROFILE;
	INSERT INTO MENU_PROFILE(MP_ID,EP_ID,FP_ID,MP_MNAME,MP_MSUB,MP_MSUBMENU,MP_MFILENAME,MP_SCRIPT_FLAG) 
		VALUES ('1',NULL,NULL,'REPORT','CHARTS',NULL,'Ctrl_Report_Charts',NULL);
		INSERT INTO MENU_PROFILE(MP_ID,EP_ID,FP_ID,MP_MNAME,MP_MSUB,MP_MSUBMENU,MP_MFILENAME,MP_SCRIPT_FLAG) 
		VALUES ('2',NULL,NULL,'REPORT','TRIGGER',NULL,'Ctrl_Report_Trigger','X');
		INSERT INTO MENU_PROFILE(MP_ID,EP_ID,FP_ID,MP_MNAME,MP_MSUB,MP_MSUBMENU,MP_MFILENAME,MP_SCRIPT_FLAG) 
		VALUES ('3','20','7','REPORT','REPORT',NULL,'Ctrl_Report_Report',NULL);
		INSERT INTO MENU_PROFILE(MP_ID,EP_ID,FP_ID,MP_MNAME,MP_MSUB,MP_MSUBMENU,MP_MFILENAME,MP_SCRIPT_FLAG) 
		VALUES ('4',NULL,NULL,'CONFIGURATION ','ENTRY / SEARCH / UPDATE / DELETE',NULL,'Ctrl_Configuration_Forms',NULL);
		INSERT INTO MENU_PROFILE(MP_ID,EP_ID,FP_ID,MP_MNAME,MP_MSUB,MP_MSUBMENU,MP_MFILENAME,MP_SCRIPT_FLAG) 
		VALUES ('5',NULL,NULL,'CONFIGURATION','EMAIL ','TEMPLATE ENTRY / SEARCH / UPDATE','Ctrl_Email_Template_Forms',NULL);
		INSERT INTO MENU_PROFILE(MP_ID,EP_ID,FP_ID,MP_MNAME,MP_MSUB,MP_MSUBMENU,MP_MFILENAME,MP_SCRIPT_FLAG) 
		VALUES ('6',NULL,NULL,'CONFIGURATION','EMAIL ','PROFILE ENTRY / SEARCH / UPDATE / DELETE','Ctrl_Email_Profile_Forms','X');
		INSERT INTO MENU_PROFILE(MP_ID,EP_ID,FP_ID,MP_MNAME,MP_MSUB,MP_MSUBMENU,MP_MFILENAME,MP_SCRIPT_FLAG) 
		VALUES ('7',NULL,NULL,'CUSTOMER','ACCESS CARD','CARD ASSIGN','Ctrl_Access_Card_Assign',NULL);
		INSERT INTO MENU_PROFILE(MP_ID,EP_ID,FP_ID,MP_MNAME,MP_MSUB,MP_MSUBMENU,MP_MFILENAME,MP_SCRIPT_FLAG) 
		VALUES ('8',NULL,NULL,'CUSTOMER','ACCESS CARD','REPLACE','Ctrl_Access_Card_Replace',NULL);
		INSERT INTO MENU_PROFILE(MP_ID,EP_ID,FP_ID,MP_MNAME,MP_MSUB,MP_MSUBMENU,MP_MFILENAME,MP_SCRIPT_FLAG) 
		VALUES ('9',NULL,NULL,'CUSTOMER','ACCESS CARD','SEARCH / UPDATE','Ctrl_Access_Card_Search_Update',NULL);
		INSERT INTO MENU_PROFILE(MP_ID,EP_ID,FP_ID,MP_MNAME,MP_MSUB,MP_MSUBMENU,MP_MFILENAME,MP_SCRIPT_FLAG) 
		VALUES ('10',NULL,NULL,'CUSTOMER','ACCESS CARD','VIEW','Ctrl_Access_Card_View',NULL);
		INSERT INTO MENU_PROFILE(MP_ID,EP_ID,FP_ID,MP_MNAME,MP_MSUB,MP_MSUBMENU,MP_MFILENAME,MP_SCRIPT_FLAG) 
		VALUES ('11','1','2,3,5','CUSTOMER','CUSTOMER','CREATION','Ctrl_Customer_Creation',NULL);
		INSERT INTO MENU_PROFILE(MP_ID,EP_ID,FP_ID,MP_MNAME,MP_MSUB,MP_MSUBMENU,MP_MFILENAME,MP_SCRIPT_FLAG) 
		VALUES ('12','14','2,3,5','CUSTOMER','CUSTOMER','EXTENSION','Ctrl_Customer_Extension',NULL);
		INSERT INTO MENU_PROFILE(MP_ID,EP_ID,FP_ID,MP_MNAME,MP_MSUB,MP_MSUBMENU,MP_MFILENAME,MP_SCRIPT_FLAG) 
		VALUES ('13','13','2,3,5','CUSTOMER','CUSTOMER','RE CHECKIN','Ctrl_Customer_Recheckin',NULL);
		INSERT INTO MENU_PROFILE(MP_ID,EP_ID,FP_ID,MP_MNAME,MP_MSUB,MP_MSUBMENU,MP_MFILENAME,MP_SCRIPT_FLAG) 
		VALUES ('14',NULL,'2,3,5','CUSTOMER','CUSTOMER','SEARCH / UPDATE / DELETE','Ctrl_Customer_Search',NULL);
		INSERT INTO MENU_PROFILE(MP_ID,EP_ID,FP_ID,MP_MNAME,MP_MSUB,MP_MSUBMENU,MP_MFILENAME,MP_SCRIPT_FLAG) 
		VALUES ('15',NULL,NULL,'CUSTOMER','CUSTOMER','TERMINATION','Ctrl_Customer_Termination',NULL);
		INSERT INTO MENU_PROFILE(MP_ID,EP_ID,FP_ID,MP_MNAME,MP_MSUB,MP_MSUBMENU,MP_MFILENAME,MP_SCRIPT_FLAG) 
		VALUES ('16',NULL,NULL,'CUSTOMER','CUSTOMER','CANCEL','Ctrl_Customer_Cancel',NULL);
		INSERT INTO MENU_PROFILE(MP_ID,EP_ID,FP_ID,MP_MNAME,MP_MSUB,MP_MSUBMENU,MP_MFILENAME,MP_SCRIPT_FLAG) 
		VALUES ('17',NULL,NULL,'CUSTOMER','CUSTOMER','ERM ENTRY / SEARCH / UPDATE','Ctrl_Erm_Forms',NULL);
		INSERT INTO MENU_PROFILE(MP_ID,EP_ID,FP_ID,MP_MNAME,MP_MSUB,MP_MSUBMENU,MP_MFILENAME,MP_SCRIPT_FLAG) 
		VALUES ('18','16',NULL,'CUSTOMER','CUSTOMER','EXPIRY LIST','Ctrl_Customer_Expiry_List',NULL);
		INSERT INTO MENU_PROFILE(MP_ID,EP_ID,FP_ID,MP_MNAME,MP_MSUB,MP_MSUBMENU,MP_MFILENAME,MP_SCRIPT_FLAG) 
		VALUES ('19','24','2,3,5','CUSTOMER','CUSTOMER','CREATION UAT','Ctrl_Customer_Creation_Uat',NULL);
		INSERT INTO MENU_PROFILE(MP_ID,EP_ID,FP_ID,MP_MNAME,MP_MSUB,MP_MSUBMENU,MP_MFILENAME,MP_SCRIPT_FLAG) 
		VALUES ('20',NULL,NULL,'EXPENSE','BIZ EXPENSE','DAILY ENTRY / SEARCH / UPDATE / DELETE','Ctrl_Biz_Daily_Entry_Search_Update_Delete','X');
		INSERT INTO MENU_PROFILE(MP_ID,EP_ID,FP_ID,MP_MNAME,MP_MSUB,MP_MSUBMENU,MP_MFILENAME,MP_SCRIPT_FLAG) 
		VALUES ('21',NULL,NULL,'EXPENSE','BIZ EXPENSE','DETAIL ENTRY / SEARCH / UPDATE / DELETE','Ctrl_Biz_Detail_Entry_Search_Update_Delete','X');
		INSERT INTO MENU_PROFILE(MP_ID,EP_ID,FP_ID,MP_MNAME,MP_MSUB,MP_MSUBMENU,MP_MFILENAME,MP_SCRIPT_FLAG) 
		VALUES ('22',NULL,NULL,'EXPENSE','PERSONAL','DAILY ENTRY / SEARCH / UPDATE / DELETE','Ctrl_Personal_Daily_Entry_Search_Update_Delete',NULL);
		INSERT INTO MENU_PROFILE(MP_ID,EP_ID,FP_ID,MP_MNAME,MP_MSUB,MP_MSUBMENU,MP_MFILENAME,MP_SCRIPT_FLAG) 
		VALUES ('23',NULL,NULL,'EXPENSE','STAFF','DAILY ENTRY / SEARCH / UPDATE / DELETE','Ctrl_Staff_Daily_Entry_Search_Update_Delete',NULL);
		INSERT INTO MENU_PROFILE(MP_ID,EP_ID,FP_ID,MP_MNAME,MP_MSUB,MP_MSUBMENU,MP_MFILENAME,MP_SCRIPT_FLAG) 
		VALUES ('24',NULL,NULL,'EXPENSE','STAFF','DETAIL ENTRY / SEARCH / UPDATE / DELETE','Ctrl_Staff_Detail_Entry_Search_Update_Delete','X');
		INSERT INTO MENU_PROFILE(MP_ID,EP_ID,FP_ID,MP_MNAME,MP_MSUB,MP_MSUBMENU,MP_MFILENAME,MP_SCRIPT_FLAG) 
		VALUES ('25',NULL,NULL,'EXPENSE','STAFF','EMPLOYEE ENTRY / SEARCH / UPDATE / DELETE','Ctrl_Staff_Employee_Entry_Search_Update_Delete','X');
		INSERT INTO MENU_PROFILE(MP_ID,EP_ID,FP_ID,MP_MNAME,MP_MSUB,MP_MSUBMENU,MP_MFILENAME,MP_SCRIPT_FLAG) 
		VALUES ('26',NULL,'1','FINANCE','FINANCE','DEPOSIT CALCULATIONS','Ctrl_Deposit_Calculations',NULL);
		INSERT INTO MENU_PROFILE(MP_ID,EP_ID,FP_ID,MP_MNAME,MP_MSUB,MP_MSUBMENU,MP_MFILENAME,MP_SCRIPT_FLAG) 
		VALUES ('27','15','1','FINANCE','FINANCE','EXTRACT DEPOSIT PDF','Ctrl_Extract_Deposit_Pdf',NULL);
		INSERT INTO MENU_PROFILE(MP_ID,EP_ID,FP_ID,MP_MNAME,MP_MSUB,MP_MSUBMENU,MP_MFILENAME,MP_SCRIPT_FLAG) 
		VALUES ('28',NULL,NULL,'FINANCE','FINANCE','PAYMENTS ENTRY-ACTIVE CUSTOMER','Ctrl_Payment_Active_Customer',NULL);
		INSERT INTO MENU_PROFILE(MP_ID,EP_ID,FP_ID,MP_MNAME,MP_MSUB,MP_MSUBMENU,MP_MFILENAME,MP_SCRIPT_FLAG) 
		VALUES ('29',NULL,NULL,'FINANCE','FINANCE','PAYMENTS ENTRY-TERMINATED CUSTOMER','Ctrl_Payment_Terminated_Customer',NULL);
		INSERT INTO MENU_PROFILE(MP_ID,EP_ID,FP_ID,MP_MNAME,MP_MSUB,MP_MSUBMENU,MP_MFILENAME,MP_SCRIPT_FLAG) 
		VALUES ('30','17','6','FINANCE','FINANCE','OUTSTANDING PAYEE LIST','Ctrl_Outstanding_Payee_list',NULL);
		INSERT INTO MENU_PROFILE(MP_ID,EP_ID,FP_ID,MP_MNAME,MP_MSUB,MP_MSUBMENU,MP_MFILENAME,MP_SCRIPT_FLAG) 
		VALUES ('31',NULL,NULL,'FINANCE','FINANCE','PAYMENTS-SEARCH / UPDATE','Ctrl_Payment_Search_Forms',NULL);
		INSERT INTO MENU_PROFILE(MP_ID,EP_ID,FP_ID,MP_MNAME,MP_MSUB,MP_MSUBMENU,MP_MFILENAME,MP_SCRIPT_FLAG) 
		VALUES ('32',NULL,NULL,'FINANCE','OCBC','BANK TT ENTRY / SEARCH / UPDATE','Ctrl_Banktt_Forms',NULL);
		INSERT INTO MENU_PROFILE(MP_ID,EP_ID,FP_ID,MP_MNAME,MP_MSUB,MP_MSUBMENU,MP_MFILENAME,MP_SCRIPT_FLAG) 
		VALUES ('33',NULL,NULL,'FINANCE','OCBC','CHEQUE ENTRY / SEARCH / UPDATE','Ctrl_Cheque_Forms',NULL);
		INSERT INTO MENU_PROFILE(MP_ID,EP_ID,FP_ID,MP_MNAME,MP_MSUB,MP_MSUBMENU,MP_MFILENAME,MP_SCRIPT_FLAG) 
		VALUES ('34',NULL,NULL,'FINANCE','OCBC','MODEL ENTRY / SEARCH / UPDATE','Ctrl_Model_Forms',NULL);
		INSERT INTO MENU_PROFILE(MP_ID,EP_ID,FP_ID,MP_MNAME,MP_MSUB,MP_MSUBMENU,MP_MFILENAME,MP_SCRIPT_FLAG) 
		VALUES ('35',NULL,'4','FINANCE','OCBC','OCBC','Ctrl_Ocbc_Forms',NULL);
		INSERT INTO MENU_PROFILE(MP_ID,EP_ID,FP_ID,MP_MNAME,MP_MSUB,MP_MSUBMENU,MP_MFILENAME,MP_SCRIPT_FLAG) 
		VALUES ('36',NULL,NULL,'UNIT','EXISTING UNIT',NULL,'Ctrl_Existing_Unit','X');
		INSERT INTO MENU_PROFILE(MP_ID,EP_ID,FP_ID,MP_MNAME,MP_MSUB,MP_MSUBMENU,MP_MFILENAME,MP_SCRIPT_FLAG) 
		VALUES ('37',NULL,NULL,'UNIT','CREATION / SEARCH / UPDATE',NULL,'Ctrl_Unit_Creation_Search_Update','X');
		INSERT INTO MENU_PROFILE(MP_ID,EP_ID,FP_ID,MP_MNAME,MP_MSUB,MP_MSUBMENU,MP_MFILENAME,MP_SCRIPT_FLAG) 
		VALUES ('38',NULL,NULL,'UNIT','DOOR CODE SEARCH / UPDATE',NULL,'Ctrl_Door_Code_Search_Update','X');
		INSERT INTO MENU_PROFILE(MP_ID,EP_ID,FP_ID,MP_MNAME,MP_MSUB,MP_MSUBMENU,MP_MFILENAME,MP_SCRIPT_FLAG) 
		VALUES ('39',NULL,NULL,'UNIT','UNIT TERMINATION',NULL,'Ctrl_Unit_Termination','X');
		INSERT INTO MENU_PROFILE(MP_ID,EP_ID,FP_ID,MP_MNAME,MP_MSUB,MP_MSUBMENU,MP_MFILENAME,MP_SCRIPT_FLAG) 
		VALUES ('40',NULL,NULL,'ACCESS RIGHTS','ACCESS RIGHTS-SEARCH / UPDATE',NULL,'Ctrl_Access_Rights_Search_Update',NULL);
		INSERT INTO MENU_PROFILE(MP_ID,EP_ID,FP_ID,MP_MNAME,MP_MSUB,MP_MSUBMENU,MP_MFILENAME,MP_SCRIPT_FLAG) 
		VALUES ('41',NULL,NULL,'ACCESS RIGHTS','TERMINATE-SEARCH / UPDATE',NULL,'Ctrl_Terminate_Search_Update',NULL);
		INSERT INTO MENU_PROFILE(MP_ID,EP_ID,FP_ID,MP_MNAME,MP_MSUB,MP_MSUBMENU,MP_MFILENAME,MP_SCRIPT_FLAG) 
		VALUES ('42',NULL,NULL,'ACCESS RIGHTS','USER SEARCH DETAILS',NULL,'Ctrl_User_Search_Details',NULL);
		INSERT INTO MENU_PROFILE(MP_ID,EP_ID,FP_ID,MP_MNAME,MP_MSUB,MP_MSUBMENU,MP_MFILENAME,MP_SCRIPT_FLAG) 
		VALUES ('43',NULL,NULL,'ACCESS RIGHTS','SITE MAINTENANCE',NULL,'Ctrl_Site_Maintenance',NULL);
		INSERT INTO MENU_PROFILE(MP_ID,EP_ID,FP_ID,MP_MNAME,MP_MSUB,MP_MSUBMENU,MP_MFILENAME,MP_SCRIPT_FLAG) 
		VALUES ('44',NULL,NULL,'REPORT','TICKLER HISTORY',NULL,'Ctrl_Report_Tickler_History',NULL);
		TRUNCATE BASIC_MENU_PROFILE;
		INSERT INTO BASIC_MENU_PROFILE(BMP_ID,URC_ID,MP_ID,ULD_ID,BMP_TIMESTAMP) VALUES ('1','3','1','2','2014-04-01 00:00:00');
		INSERT INTO BASIC_MENU_PROFILE(BMP_ID,URC_ID,MP_ID,ULD_ID,BMP_TIMESTAMP) VALUES ('2','3','2','2','2014-04-01 00:00:00');
		INSERT INTO BASIC_MENU_PROFILE(BMP_ID,URC_ID,MP_ID,ULD_ID,BMP_TIMESTAMP) VALUES ('3','3','3','2','2014-04-01 00:00:00');
		INSERT INTO BASIC_MENU_PROFILE(BMP_ID,URC_ID,MP_ID,ULD_ID,BMP_TIMESTAMP) VALUES ('4','3','4','2','2014-04-01 00:00:00');
		INSERT INTO BASIC_MENU_PROFILE(BMP_ID,URC_ID,MP_ID,ULD_ID,BMP_TIMESTAMP) VALUES ('5','3','5','2','2014-04-01 00:00:00');
		INSERT INTO BASIC_MENU_PROFILE(BMP_ID,URC_ID,MP_ID,ULD_ID,BMP_TIMESTAMP) VALUES ('6','3','6','2','2014-04-01 00:00:00');
		INSERT INTO BASIC_MENU_PROFILE(BMP_ID,URC_ID,MP_ID,ULD_ID,BMP_TIMESTAMP) VALUES ('7','3','7','2','2014-04-01 00:00:00');
		INSERT INTO BASIC_MENU_PROFILE(BMP_ID,URC_ID,MP_ID,ULD_ID,BMP_TIMESTAMP) VALUES ('8','3','8','2','2014-04-01 00:00:00');
		INSERT INTO BASIC_MENU_PROFILE(BMP_ID,URC_ID,MP_ID,ULD_ID,BMP_TIMESTAMP) VALUES ('9','3','9','2','2014-04-01 00:00:00');
		INSERT INTO BASIC_MENU_PROFILE(BMP_ID,URC_ID,MP_ID,ULD_ID,BMP_TIMESTAMP) VALUES ('10','3','10','2','2014-04-01 00:00:00');
		INSERT INTO BASIC_MENU_PROFILE(BMP_ID,URC_ID,MP_ID,ULD_ID,BMP_TIMESTAMP) VALUES ('11','3','11','2','2014-04-01 00:00:00');
		INSERT INTO BASIC_MENU_PROFILE(BMP_ID,URC_ID,MP_ID,ULD_ID,BMP_TIMESTAMP) VALUES ('12','3','12','2','2014-04-01 00:00:00');
		INSERT INTO BASIC_MENU_PROFILE(BMP_ID,URC_ID,MP_ID,ULD_ID,BMP_TIMESTAMP) VALUES ('13','3','13','2','2014-04-01 00:00:00');
		INSERT INTO BASIC_MENU_PROFILE(BMP_ID,URC_ID,MP_ID,ULD_ID,BMP_TIMESTAMP) VALUES ('14','3','14','2','2014-04-01 00:00:00');
		INSERT INTO BASIC_MENU_PROFILE(BMP_ID,URC_ID,MP_ID,ULD_ID,BMP_TIMESTAMP) VALUES ('15','3','15','2','2014-04-01 00:00:00');
		INSERT INTO BASIC_MENU_PROFILE(BMP_ID,URC_ID,MP_ID,ULD_ID,BMP_TIMESTAMP) VALUES ('16','3','16','2','2014-04-01 00:00:00');
		INSERT INTO BASIC_MENU_PROFILE(BMP_ID,URC_ID,MP_ID,ULD_ID,BMP_TIMESTAMP) VALUES ('17','3','17','2','2014-04-01 00:00:00');
		INSERT INTO BASIC_MENU_PROFILE(BMP_ID,URC_ID,MP_ID,ULD_ID,BMP_TIMESTAMP) VALUES ('18','3','18','2','2014-04-01 00:00:00');
		INSERT INTO BASIC_MENU_PROFILE(BMP_ID,URC_ID,MP_ID,ULD_ID,BMP_TIMESTAMP) VALUES ('19','3','19','2','2014-04-01 00:00:00');
		INSERT INTO BASIC_MENU_PROFILE(BMP_ID,URC_ID,MP_ID,ULD_ID,BMP_TIMESTAMP) VALUES ('20','3','20','2','2014-04-01 00:00:00');
		INSERT INTO BASIC_MENU_PROFILE(BMP_ID,URC_ID,MP_ID,ULD_ID,BMP_TIMESTAMP) VALUES ('21','3','21','2','2014-04-01 00:00:00');
		INSERT INTO BASIC_MENU_PROFILE(BMP_ID,URC_ID,MP_ID,ULD_ID,BMP_TIMESTAMP) VALUES ('22','3','22','2','2014-04-01 00:00:00');
		INSERT INTO BASIC_MENU_PROFILE(BMP_ID,URC_ID,MP_ID,ULD_ID,BMP_TIMESTAMP) VALUES ('23','3','23','2','2014-04-01 00:00:00');
		INSERT INTO BASIC_MENU_PROFILE(BMP_ID,URC_ID,MP_ID,ULD_ID,BMP_TIMESTAMP) VALUES ('24','3','24','2','2014-04-01 00:00:00');
		INSERT INTO BASIC_MENU_PROFILE(BMP_ID,URC_ID,MP_ID,ULD_ID,BMP_TIMESTAMP) VALUES ('25','3','25','2','2014-04-01 00:00:00');
		INSERT INTO BASIC_MENU_PROFILE(BMP_ID,URC_ID,MP_ID,ULD_ID,BMP_TIMESTAMP) VALUES ('26','3','26','2','2014-04-01 00:00:00');
		INSERT INTO BASIC_MENU_PROFILE(BMP_ID,URC_ID,MP_ID,ULD_ID,BMP_TIMESTAMP) VALUES ('27','3','27','2','2014-04-01 00:00:00');
		INSERT INTO BASIC_MENU_PROFILE(BMP_ID,URC_ID,MP_ID,ULD_ID,BMP_TIMESTAMP) VALUES ('28','3','28','2','2014-04-01 00:00:00');
		INSERT INTO BASIC_MENU_PROFILE(BMP_ID,URC_ID,MP_ID,ULD_ID,BMP_TIMESTAMP) VALUES ('29','3','29','2','2014-04-01 00:00:00');
		INSERT INTO BASIC_MENU_PROFILE(BMP_ID,URC_ID,MP_ID,ULD_ID,BMP_TIMESTAMP) VALUES ('30','3','30','2','2014-04-01 00:00:00');
		INSERT INTO BASIC_MENU_PROFILE(BMP_ID,URC_ID,MP_ID,ULD_ID,BMP_TIMESTAMP) VALUES ('31','3','31','2','2014-04-01 00:00:00');
		INSERT INTO BASIC_MENU_PROFILE(BMP_ID,URC_ID,MP_ID,ULD_ID,BMP_TIMESTAMP) VALUES ('32','3','32','2','2014-04-01 00:00:00');
		INSERT INTO BASIC_MENU_PROFILE(BMP_ID,URC_ID,MP_ID,ULD_ID,BMP_TIMESTAMP) VALUES ('33','3','33','2','2014-04-01 00:00:00');
		INSERT INTO BASIC_MENU_PROFILE(BMP_ID,URC_ID,MP_ID,ULD_ID,BMP_TIMESTAMP) VALUES ('34','3','34','2','2014-04-01 00:00:00');
		INSERT INTO BASIC_MENU_PROFILE(BMP_ID,URC_ID,MP_ID,ULD_ID,BMP_TIMESTAMP) VALUES ('35','3','35','2','2014-04-01 00:00:00');
		INSERT INTO BASIC_MENU_PROFILE(BMP_ID,URC_ID,MP_ID,ULD_ID,BMP_TIMESTAMP) VALUES ('36','3','36','2','2014-04-01 00:00:00');
		INSERT INTO BASIC_MENU_PROFILE(BMP_ID,URC_ID,MP_ID,ULD_ID,BMP_TIMESTAMP) VALUES ('37','3','37','2','2014-04-01 00:00:00');
		INSERT INTO BASIC_MENU_PROFILE(BMP_ID,URC_ID,MP_ID,ULD_ID,BMP_TIMESTAMP) VALUES ('38','3','38','2','2014-04-01 00:00:00');
		INSERT INTO BASIC_MENU_PROFILE(BMP_ID,URC_ID,MP_ID,ULD_ID,BMP_TIMESTAMP) VALUES ('39','3','39','2','2014-04-01 00:00:00');
		INSERT INTO BASIC_MENU_PROFILE(BMP_ID,URC_ID,MP_ID,ULD_ID,BMP_TIMESTAMP) VALUES ('40','3','40','2','2014-04-01 00:00:00');
		INSERT INTO BASIC_MENU_PROFILE(BMP_ID,URC_ID,MP_ID,ULD_ID,BMP_TIMESTAMP) VALUES ('41','3','41','2','2014-04-01 00:00:00');
		INSERT INTO BASIC_MENU_PROFILE(BMP_ID,URC_ID,MP_ID,ULD_ID,BMP_TIMESTAMP) VALUES ('42','3','42','2','2014-04-01 00:00:00');
		INSERT INTO BASIC_MENU_PROFILE(BMP_ID,URC_ID,MP_ID,ULD_ID,BMP_TIMESTAMP) VALUES ('43','3','43','2','2014-04-01 00:00:00');
		INSERT INTO BASIC_MENU_PROFILE(BMP_ID,URC_ID,MP_ID,ULD_ID,BMP_TIMESTAMP) VALUES ('44','3','44','2','2014-04-01 00:00:00');
		INSERT INTO BASIC_MENU_PROFILE(BMP_ID,URC_ID,MP_ID,ULD_ID,BMP_TIMESTAMP) VALUES ('45','2','1','2','2014-04-01 00:00:00');
		INSERT INTO BASIC_MENU_PROFILE(BMP_ID,URC_ID,MP_ID,ULD_ID,BMP_TIMESTAMP) VALUES ('46','2','2','2','2014-04-01 00:00:00');
		INSERT INTO BASIC_MENU_PROFILE(BMP_ID,URC_ID,MP_ID,ULD_ID,BMP_TIMESTAMP) VALUES ('47','2','3','2','2014-04-01 00:00:00');
		INSERT INTO BASIC_MENU_PROFILE(BMP_ID,URC_ID,MP_ID,ULD_ID,BMP_TIMESTAMP) VALUES ('48','2','4','2','2014-04-01 00:00:00');
		INSERT INTO BASIC_MENU_PROFILE(BMP_ID,URC_ID,MP_ID,ULD_ID,BMP_TIMESTAMP) VALUES ('49','2','5','2','2014-04-01 00:00:00');
		INSERT INTO BASIC_MENU_PROFILE(BMP_ID,URC_ID,MP_ID,ULD_ID,BMP_TIMESTAMP) VALUES ('50','2','6','2','2014-04-01 00:00:00');
		INSERT INTO BASIC_MENU_PROFILE(BMP_ID,URC_ID,MP_ID,ULD_ID,BMP_TIMESTAMP) VALUES ('51','2','7','2','2014-04-01 00:00:00');
		INSERT INTO BASIC_MENU_PROFILE(BMP_ID,URC_ID,MP_ID,ULD_ID,BMP_TIMESTAMP) VALUES ('52','2','8','2','2014-04-01 00:00:00');
		INSERT INTO BASIC_MENU_PROFILE(BMP_ID,URC_ID,MP_ID,ULD_ID,BMP_TIMESTAMP) VALUES ('53','2','9','2','2014-04-01 00:00:00');
		INSERT INTO BASIC_MENU_PROFILE(BMP_ID,URC_ID,MP_ID,ULD_ID,BMP_TIMESTAMP) VALUES ('54','2','10','2','2014-04-01 00:00:00');
		INSERT INTO BASIC_MENU_PROFILE(BMP_ID,URC_ID,MP_ID,ULD_ID,BMP_TIMESTAMP) VALUES ('55','2','11','2','2014-04-01 00:00:00');
		INSERT INTO BASIC_MENU_PROFILE(BMP_ID,URC_ID,MP_ID,ULD_ID,BMP_TIMESTAMP) VALUES ('56','2','12','2','2014-04-01 00:00:00');
		INSERT INTO BASIC_MENU_PROFILE(BMP_ID,URC_ID,MP_ID,ULD_ID,BMP_TIMESTAMP) VALUES ('57','2','13','2','2014-04-01 00:00:00');
		INSERT INTO BASIC_MENU_PROFILE(BMP_ID,URC_ID,MP_ID,ULD_ID,BMP_TIMESTAMP) VALUES ('58','2','14','2','2014-04-01 00:00:00');
		INSERT INTO BASIC_MENU_PROFILE(BMP_ID,URC_ID,MP_ID,ULD_ID,BMP_TIMESTAMP) VALUES ('59','2','15','2','2014-04-01 00:00:00');
		INSERT INTO BASIC_MENU_PROFILE(BMP_ID,URC_ID,MP_ID,ULD_ID,BMP_TIMESTAMP) VALUES ('60','2','16','2','2014-04-01 00:00:00');
		INSERT INTO BASIC_MENU_PROFILE(BMP_ID,URC_ID,MP_ID,ULD_ID,BMP_TIMESTAMP) VALUES ('61','2','17','2','2014-04-01 00:00:00');
		INSERT INTO BASIC_MENU_PROFILE(BMP_ID,URC_ID,MP_ID,ULD_ID,BMP_TIMESTAMP) VALUES ('62','2','18','2','2014-04-01 00:00:00');
		INSERT INTO BASIC_MENU_PROFILE(BMP_ID,URC_ID,MP_ID,ULD_ID,BMP_TIMESTAMP) VALUES ('63','2','19','2','2014-04-01 00:00:00');
		INSERT INTO BASIC_MENU_PROFILE(BMP_ID,URC_ID,MP_ID,ULD_ID,BMP_TIMESTAMP) VALUES ('64','2','20','2','2014-04-01 00:00:00');
		INSERT INTO BASIC_MENU_PROFILE(BMP_ID,URC_ID,MP_ID,ULD_ID,BMP_TIMESTAMP) VALUES ('65','2','21','2','2014-04-01 00:00:00');
		INSERT INTO BASIC_MENU_PROFILE(BMP_ID,URC_ID,MP_ID,ULD_ID,BMP_TIMESTAMP) VALUES ('66','2','22','2','2014-04-01 00:00:00');
		INSERT INTO BASIC_MENU_PROFILE(BMP_ID,URC_ID,MP_ID,ULD_ID,BMP_TIMESTAMP) VALUES ('67','2','23','2','2014-04-01 00:00:00');
		INSERT INTO BASIC_MENU_PROFILE(BMP_ID,URC_ID,MP_ID,ULD_ID,BMP_TIMESTAMP) VALUES ('68','2','24','2','2014-04-01 00:00:00');
		INSERT INTO BASIC_MENU_PROFILE(BMP_ID,URC_ID,MP_ID,ULD_ID,BMP_TIMESTAMP) VALUES ('69','2','25','2','2014-04-01 00:00:00');
		INSERT INTO BASIC_MENU_PROFILE(BMP_ID,URC_ID,MP_ID,ULD_ID,BMP_TIMESTAMP) VALUES ('70','2','26','2','2014-04-01 00:00:00');
		INSERT INTO BASIC_MENU_PROFILE(BMP_ID,URC_ID,MP_ID,ULD_ID,BMP_TIMESTAMP) VALUES ('71','2','27','2','2014-04-01 00:00:00');
		INSERT INTO BASIC_MENU_PROFILE(BMP_ID,URC_ID,MP_ID,ULD_ID,BMP_TIMESTAMP) VALUES ('72','2','28','2','2014-04-01 00:00:00');
		INSERT INTO BASIC_MENU_PROFILE(BMP_ID,URC_ID,MP_ID,ULD_ID,BMP_TIMESTAMP) VALUES ('73','2','29','2','2014-04-01 00:00:00');
		INSERT INTO BASIC_MENU_PROFILE(BMP_ID,URC_ID,MP_ID,ULD_ID,BMP_TIMESTAMP) VALUES ('74','2','30','2','2014-04-01 00:00:00');
		INSERT INTO BASIC_MENU_PROFILE(BMP_ID,URC_ID,MP_ID,ULD_ID,BMP_TIMESTAMP) VALUES ('75','2','31','2','2014-04-01 00:00:00');
		INSERT INTO BASIC_MENU_PROFILE(BMP_ID,URC_ID,MP_ID,ULD_ID,BMP_TIMESTAMP) VALUES ('76','2','32','2','2014-04-01 00:00:00');
		INSERT INTO BASIC_MENU_PROFILE(BMP_ID,URC_ID,MP_ID,ULD_ID,BMP_TIMESTAMP) VALUES ('77','2','33','2','2014-04-01 00:00:00');
		INSERT INTO BASIC_MENU_PROFILE(BMP_ID,URC_ID,MP_ID,ULD_ID,BMP_TIMESTAMP) VALUES ('78','2','34','2','2014-04-01 00:00:00');
		INSERT INTO BASIC_MENU_PROFILE(BMP_ID,URC_ID,MP_ID,ULD_ID,BMP_TIMESTAMP) VALUES ('79','2','35','2','2014-04-01 00:00:00');
		INSERT INTO BASIC_MENU_PROFILE(BMP_ID,URC_ID,MP_ID,ULD_ID,BMP_TIMESTAMP) VALUES ('80','2','36','2','2014-04-01 00:00:00');
		INSERT INTO BASIC_MENU_PROFILE(BMP_ID,URC_ID,MP_ID,ULD_ID,BMP_TIMESTAMP) VALUES ('81','2','37','2','2014-04-01 00:00:00');
		INSERT INTO BASIC_MENU_PROFILE(BMP_ID,URC_ID,MP_ID,ULD_ID,BMP_TIMESTAMP) VALUES ('82','2','38','2','2014-04-01 00:00:00');
		INSERT INTO BASIC_MENU_PROFILE(BMP_ID,URC_ID,MP_ID,ULD_ID,BMP_TIMESTAMP) VALUES ('83','2','39','2','2014-04-01 00:00:00');
		INSERT INTO BASIC_MENU_PROFILE(BMP_ID,URC_ID,MP_ID,ULD_ID,BMP_TIMESTAMP) VALUES ('84','2','40','2','2014-04-01 00:00:00');
		INSERT INTO BASIC_MENU_PROFILE(BMP_ID,URC_ID,MP_ID,ULD_ID,BMP_TIMESTAMP) VALUES ('85','2','41','2','2014-04-01 00:00:00');
		INSERT INTO BASIC_MENU_PROFILE(BMP_ID,URC_ID,MP_ID,ULD_ID,BMP_TIMESTAMP) VALUES ('86','2','42','2','2014-04-01 00:00:00');
		INSERT INTO BASIC_MENU_PROFILE(BMP_ID,URC_ID,MP_ID,ULD_ID,BMP_TIMESTAMP) VALUES ('87','2','43','2','2014-04-01 00:00:00');
		INSERT INTO BASIC_MENU_PROFILE(BMP_ID,URC_ID,MP_ID,ULD_ID,BMP_TIMESTAMP) VALUES ('88','2','44','2','2014-04-01 00:00:00');
		INSERT INTO BASIC_MENU_PROFILE(BMP_ID,URC_ID,MP_ID,ULD_ID,BMP_TIMESTAMP) VALUES ('89','1','1','2','2014-04-01 00:00:00');
		INSERT INTO BASIC_MENU_PROFILE(BMP_ID,URC_ID,MP_ID,ULD_ID,BMP_TIMESTAMP) VALUES ('90','1','2','2','2014-04-01 00:00:00');
		INSERT INTO BASIC_MENU_PROFILE(BMP_ID,URC_ID,MP_ID,ULD_ID,BMP_TIMESTAMP) VALUES ('91','1','3','2','2014-04-01 00:00:00');
		INSERT INTO BASIC_MENU_PROFILE(BMP_ID,URC_ID,MP_ID,ULD_ID,BMP_TIMESTAMP) VALUES ('92','1','4','2','2014-04-01 00:00:00');
		INSERT INTO BASIC_MENU_PROFILE(BMP_ID,URC_ID,MP_ID,ULD_ID,BMP_TIMESTAMP) VALUES ('93','1','5','2','2014-04-01 00:00:00');
		INSERT INTO BASIC_MENU_PROFILE(BMP_ID,URC_ID,MP_ID,ULD_ID,BMP_TIMESTAMP) VALUES ('94','1','6','2','2014-04-01 00:00:00');
		INSERT INTO BASIC_MENU_PROFILE(BMP_ID,URC_ID,MP_ID,ULD_ID,BMP_TIMESTAMP) VALUES ('95','1','7','2','2014-04-01 00:00:00');
		INSERT INTO BASIC_MENU_PROFILE(BMP_ID,URC_ID,MP_ID,ULD_ID,BMP_TIMESTAMP) VALUES ('96','1','8','2','2014-04-01 00:00:00');
		INSERT INTO BASIC_MENU_PROFILE(BMP_ID,URC_ID,MP_ID,ULD_ID,BMP_TIMESTAMP) VALUES ('97','1','9','2','2014-04-01 00:00:00');
		INSERT INTO BASIC_MENU_PROFILE(BMP_ID,URC_ID,MP_ID,ULD_ID,BMP_TIMESTAMP) VALUES ('98','1','10','2','2014-04-01 00:00:00');
		INSERT INTO BASIC_MENU_PROFILE(BMP_ID,URC_ID,MP_ID,ULD_ID,BMP_TIMESTAMP) VALUES ('99','1','11','2','2014-04-01 00:00:00');
		INSERT INTO BASIC_MENU_PROFILE(BMP_ID,URC_ID,MP_ID,ULD_ID,BMP_TIMESTAMP) VALUES ('100','1','12','2','2014-04-01 00:00:00');
		INSERT INTO BASIC_MENU_PROFILE(BMP_ID,URC_ID,MP_ID,ULD_ID,BMP_TIMESTAMP) VALUES ('101','1','13','2','2014-04-01 00:00:00');
		INSERT INTO BASIC_MENU_PROFILE(BMP_ID,URC_ID,MP_ID,ULD_ID,BMP_TIMESTAMP) VALUES ('102','1','14','2','2014-04-01 00:00:00');
		INSERT INTO BASIC_MENU_PROFILE(BMP_ID,URC_ID,MP_ID,ULD_ID,BMP_TIMESTAMP) VALUES ('103','1','15','2','2014-04-01 00:00:00');
		INSERT INTO BASIC_MENU_PROFILE(BMP_ID,URC_ID,MP_ID,ULD_ID,BMP_TIMESTAMP) VALUES ('104','1','16','2','2014-04-01 00:00:00');
		INSERT INTO BASIC_MENU_PROFILE(BMP_ID,URC_ID,MP_ID,ULD_ID,BMP_TIMESTAMP) VALUES ('105','1','17','2','2014-04-01 00:00:00');
		INSERT INTO BASIC_MENU_PROFILE(BMP_ID,URC_ID,MP_ID,ULD_ID,BMP_TIMESTAMP) VALUES ('106','1','18','2','2014-04-01 00:00:00');
		INSERT INTO BASIC_MENU_PROFILE(BMP_ID,URC_ID,MP_ID,ULD_ID,BMP_TIMESTAMP) VALUES ('107','1','19','2','2014-04-01 00:00:00');
		INSERT INTO BASIC_MENU_PROFILE(BMP_ID,URC_ID,MP_ID,ULD_ID,BMP_TIMESTAMP) VALUES ('108','1','20','2','2014-04-01 00:00:00');
		INSERT INTO BASIC_MENU_PROFILE(BMP_ID,URC_ID,MP_ID,ULD_ID,BMP_TIMESTAMP) VALUES ('109','1','21','2','2014-04-01 00:00:00');
		INSERT INTO BASIC_MENU_PROFILE(BMP_ID,URC_ID,MP_ID,ULD_ID,BMP_TIMESTAMP) VALUES ('110','1','22','2','2014-04-01 00:00:00');
		INSERT INTO BASIC_MENU_PROFILE(BMP_ID,URC_ID,MP_ID,ULD_ID,BMP_TIMESTAMP) VALUES ('111','1','23','2','2014-04-01 00:00:00');
		INSERT INTO BASIC_MENU_PROFILE(BMP_ID,URC_ID,MP_ID,ULD_ID,BMP_TIMESTAMP) VALUES ('112','1','24','2','2014-04-01 00:00:00');
		INSERT INTO BASIC_MENU_PROFILE(BMP_ID,URC_ID,MP_ID,ULD_ID,BMP_TIMESTAMP) VALUES ('113','1','25','2','2014-04-01 00:00:00');
		INSERT INTO BASIC_MENU_PROFILE(BMP_ID,URC_ID,MP_ID,ULD_ID,BMP_TIMESTAMP) VALUES ('114','1','26','2','2014-04-01 00:00:00');
		INSERT INTO BASIC_MENU_PROFILE(BMP_ID,URC_ID,MP_ID,ULD_ID,BMP_TIMESTAMP) VALUES ('115','1','27','2','2014-04-01 00:00:00');
		INSERT INTO BASIC_MENU_PROFILE(BMP_ID,URC_ID,MP_ID,ULD_ID,BMP_TIMESTAMP) VALUES ('116','1','28','2','2014-04-01 00:00:00');
		INSERT INTO BASIC_MENU_PROFILE(BMP_ID,URC_ID,MP_ID,ULD_ID,BMP_TIMESTAMP) VALUES ('117','1','29','2','2014-04-01 00:00:00');
		INSERT INTO BASIC_MENU_PROFILE(BMP_ID,URC_ID,MP_ID,ULD_ID,BMP_TIMESTAMP) VALUES ('118','1','30','2','2014-04-01 00:00:00');
		INSERT INTO BASIC_MENU_PROFILE(BMP_ID,URC_ID,MP_ID,ULD_ID,BMP_TIMESTAMP) VALUES ('119','1','31','2','2014-04-01 00:00:00');
		INSERT INTO BASIC_MENU_PROFILE(BMP_ID,URC_ID,MP_ID,ULD_ID,BMP_TIMESTAMP) VALUES ('120','1','32','2','2014-04-01 00:00:00');
		INSERT INTO BASIC_MENU_PROFILE(BMP_ID,URC_ID,MP_ID,ULD_ID,BMP_TIMESTAMP) VALUES ('121','1','33','2','2014-04-01 00:00:00');
		INSERT INTO BASIC_MENU_PROFILE(BMP_ID,URC_ID,MP_ID,ULD_ID,BMP_TIMESTAMP) VALUES ('122','1','34','2','2014-04-01 00:00:00');
		INSERT INTO BASIC_MENU_PROFILE(BMP_ID,URC_ID,MP_ID,ULD_ID,BMP_TIMESTAMP) VALUES ('123','1','35','2','2014-04-01 00:00:00');
		INSERT INTO BASIC_MENU_PROFILE(BMP_ID,URC_ID,MP_ID,ULD_ID,BMP_TIMESTAMP) VALUES ('124','1','36','2','2014-04-01 00:00:00');
		INSERT INTO BASIC_MENU_PROFILE(BMP_ID,URC_ID,MP_ID,ULD_ID,BMP_TIMESTAMP) VALUES ('125','1','37','2','2014-04-01 00:00:00');
		INSERT INTO BASIC_MENU_PROFILE(BMP_ID,URC_ID,MP_ID,ULD_ID,BMP_TIMESTAMP) VALUES ('126','1','38','2','2014-04-01 00:00:00');
		INSERT INTO BASIC_MENU_PROFILE(BMP_ID,URC_ID,MP_ID,ULD_ID,BMP_TIMESTAMP) VALUES ('127','1','39','2','2014-04-01 00:00:00');
		INSERT INTO BASIC_MENU_PROFILE(BMP_ID,URC_ID,MP_ID,ULD_ID,BMP_TIMESTAMP) VALUES ('128','1','40','2','2014-04-01 00:00:00');
		INSERT INTO BASIC_MENU_PROFILE(BMP_ID,URC_ID,MP_ID,ULD_ID,BMP_TIMESTAMP) VALUES ('129','1','41','2','2014-04-01 00:00:00');
		INSERT INTO BASIC_MENU_PROFILE(BMP_ID,URC_ID,MP_ID,ULD_ID,BMP_TIMESTAMP) VALUES ('130','1','42','2','2014-04-01 00:00:00');
		INSERT INTO BASIC_MENU_PROFILE(BMP_ID,URC_ID,MP_ID,ULD_ID,BMP_TIMESTAMP) VALUES ('131','1','43','2','2014-04-01 00:00:00');
		INSERT INTO BASIC_MENU_PROFILE(BMP_ID,URC_ID,MP_ID,ULD_ID,BMP_TIMESTAMP) VALUES ('132','1','44','2','2014-04-01 00:00:00');
		TRUNCATE USER_MENU_DETAILS;
		INSERT INTO USER_MENU_DETAILS(MD_ID,MP_ID,RC_ID,ULD_ID,MD_TIMESTAMP) VALUES ('1','2','1','2','2013-04-08 05:06:19');
		INSERT INTO USER_MENU_DETAILS(MD_ID,MP_ID,RC_ID,ULD_ID,MD_TIMESTAMP) VALUES ('2','4','1','2','2013-04-08 05:06:19');
		INSERT INTO USER_MENU_DETAILS(MD_ID,MP_ID,RC_ID,ULD_ID,MD_TIMESTAMP) VALUES ('3','5','1','2','2013-04-08 05:06:19');
		INSERT INTO USER_MENU_DETAILS(MD_ID,MP_ID,RC_ID,ULD_ID,MD_TIMESTAMP) VALUES ('4','7','1','2','2013-04-08 05:06:19');
		INSERT INTO USER_MENU_DETAILS(MD_ID,MP_ID,RC_ID,ULD_ID,MD_TIMESTAMP) VALUES ('5','8','1','2','2013-04-08 05:06:19');
		INSERT INTO USER_MENU_DETAILS(MD_ID,MP_ID,RC_ID,ULD_ID,MD_TIMESTAMP) VALUES ('6','9','1','2','2013-04-08 05:06:19');
		INSERT INTO USER_MENU_DETAILS(MD_ID,MP_ID,RC_ID,ULD_ID,MD_TIMESTAMP) VALUES ('7','10','1','2','2013-04-08 05:06:19');
		INSERT INTO USER_MENU_DETAILS(MD_ID,MP_ID,RC_ID,ULD_ID,MD_TIMESTAMP) VALUES ('8','11','1','2','2013-04-08 05:06:19');
		INSERT INTO USER_MENU_DETAILS(MD_ID,MP_ID,RC_ID,ULD_ID,MD_TIMESTAMP) VALUES ('9','12','1','2','2013-04-08 05:06:19');
		INSERT INTO USER_MENU_DETAILS(MD_ID,MP_ID,RC_ID,ULD_ID,MD_TIMESTAMP) VALUES ('10','13','1','2','2013-04-08 05:06:19');
		INSERT INTO USER_MENU_DETAILS(MD_ID,MP_ID,RC_ID,ULD_ID,MD_TIMESTAMP) VALUES ('11','14','1','2','2013-04-08 05:06:19');
		INSERT INTO USER_MENU_DETAILS(MD_ID,MP_ID,RC_ID,ULD_ID,MD_TIMESTAMP) VALUES ('12','15','1','2','2013-04-08 05:06:19');
		INSERT INTO USER_MENU_DETAILS(MD_ID,MP_ID,RC_ID,ULD_ID,MD_TIMESTAMP) VALUES ('13','16','1','2','2013-04-08 05:06:19');
		INSERT INTO USER_MENU_DETAILS(MD_ID,MP_ID,RC_ID,ULD_ID,MD_TIMESTAMP) VALUES ('14','18','1','2','2013-04-08 05:06:19');
		INSERT INTO USER_MENU_DETAILS(MD_ID,MP_ID,RC_ID,ULD_ID,MD_TIMESTAMP) VALUES ('15','20','1','2','2013-04-08 05:06:19');
		INSERT INTO USER_MENU_DETAILS(MD_ID,MP_ID,RC_ID,ULD_ID,MD_TIMESTAMP) VALUES ('16','21','1','2','2013-04-08 05:06:19');
		INSERT INTO USER_MENU_DETAILS(MD_ID,MP_ID,RC_ID,ULD_ID,MD_TIMESTAMP) VALUES ('17','22','1','2','2013-04-08 05:06:19');
		INSERT INTO USER_MENU_DETAILS(MD_ID,MP_ID,RC_ID,ULD_ID,MD_TIMESTAMP) VALUES ('18','23','1','2','2013-04-08 05:06:19');
		INSERT INTO USER_MENU_DETAILS(MD_ID,MP_ID,RC_ID,ULD_ID,MD_TIMESTAMP) VALUES ('19','24','1','2','2013-04-08 05:06:19');
		INSERT INTO USER_MENU_DETAILS(MD_ID,MP_ID,RC_ID,ULD_ID,MD_TIMESTAMP) VALUES ('20','26','1','2','2013-04-08 05:06:19');
		INSERT INTO USER_MENU_DETAILS(MD_ID,MP_ID,RC_ID,ULD_ID,MD_TIMESTAMP) VALUES ('21','27','1','2','2013-04-08 05:06:19');
		INSERT INTO USER_MENU_DETAILS(MD_ID,MP_ID,RC_ID,ULD_ID,MD_TIMESTAMP) VALUES ('22','28','1','2','2013-04-08 05:06:19');
		INSERT INTO USER_MENU_DETAILS(MD_ID,MP_ID,RC_ID,ULD_ID,MD_TIMESTAMP) VALUES ('23','30','1','2','2013-04-08 05:06:19');
		INSERT INTO USER_MENU_DETAILS(MD_ID,MP_ID,RC_ID,ULD_ID,MD_TIMESTAMP) VALUES ('24','31','1','2','2013-04-08 05:06:19');
		INSERT INTO USER_MENU_DETAILS(MD_ID,MP_ID,RC_ID,ULD_ID,MD_TIMESTAMP) VALUES ('25','32','1','2','2013-04-08 05:06:19');
		INSERT INTO USER_MENU_DETAILS(MD_ID,MP_ID,RC_ID,ULD_ID,MD_TIMESTAMP) VALUES ('26','35','1','2','2013-04-08 05:06:19');
		INSERT INTO USER_MENU_DETAILS(MD_ID,MP_ID,RC_ID,ULD_ID,MD_TIMESTAMP) VALUES ('27','36','1','2','2013-04-08 05:06:19');
		INSERT INTO USER_MENU_DETAILS(MD_ID,MP_ID,RC_ID,ULD_ID,MD_TIMESTAMP) VALUES ('28','37','1','2','2013-04-08 05:06:19');
		INSERT INTO USER_MENU_DETAILS(MD_ID,MP_ID,RC_ID,ULD_ID,MD_TIMESTAMP) VALUES ('29','38','1','2','2013-04-08 05:06:19');
		INSERT INTO USER_MENU_DETAILS(MD_ID,MP_ID,RC_ID,ULD_ID,MD_TIMESTAMP) VALUES ('30','39','1','2','2013-04-08 05:06:19');
		INSERT INTO USER_MENU_DETAILS(MD_ID,MP_ID,RC_ID,ULD_ID,MD_TIMESTAMP) VALUES ('31','1','2','2','2013-05-08 07:46:26');
		INSERT INTO USER_MENU_DETAILS(MD_ID,MP_ID,RC_ID,ULD_ID,MD_TIMESTAMP) VALUES ('32','2','2','2','2013-05-08 07:46:26');
		INSERT INTO USER_MENU_DETAILS(MD_ID,MP_ID,RC_ID,ULD_ID,MD_TIMESTAMP) VALUES ('33','3','2','2','2014-04-01 00:00:00');
		INSERT INTO USER_MENU_DETAILS(MD_ID,MP_ID,RC_ID,ULD_ID,MD_TIMESTAMP) VALUES ('34','4','2','2','2013-04-08 05:06:19');
		INSERT INTO USER_MENU_DETAILS(MD_ID,MP_ID,RC_ID,ULD_ID,MD_TIMESTAMP) VALUES ('35','5','2','2','2013-05-08 07:46:26');
		INSERT INTO USER_MENU_DETAILS(MD_ID,MP_ID,RC_ID,ULD_ID,MD_TIMESTAMP) VALUES ('36','6','2','2','2014-04-01 00:00:00');
		INSERT INTO USER_MENU_DETAILS(MD_ID,MP_ID,RC_ID,ULD_ID,MD_TIMESTAMP) VALUES ('37','7','2','2','2013-05-08 07:46:26');
		INSERT INTO USER_MENU_DETAILS(MD_ID,MP_ID,RC_ID,ULD_ID,MD_TIMESTAMP) VALUES ('38','8','2','2','2013-05-08 07:46:26');
		INSERT INTO USER_MENU_DETAILS(MD_ID,MP_ID,RC_ID,ULD_ID,MD_TIMESTAMP) VALUES ('39','9','2','2','2013-05-08 07:46:26');
		INSERT INTO USER_MENU_DETAILS(MD_ID,MP_ID,RC_ID,ULD_ID,MD_TIMESTAMP) VALUES ('40','10','2','2','2013-05-08 07:46:26');
		INSERT INTO USER_MENU_DETAILS(MD_ID,MP_ID,RC_ID,ULD_ID,MD_TIMESTAMP) VALUES ('41','11','2','2','2013-05-08 07:46:26');
		INSERT INTO USER_MENU_DETAILS(MD_ID,MP_ID,RC_ID,ULD_ID,MD_TIMESTAMP) VALUES ('42','12','2','2','2013-05-08 07:46:26');
		INSERT INTO USER_MENU_DETAILS(MD_ID,MP_ID,RC_ID,ULD_ID,MD_TIMESTAMP) VALUES ('43','13','2','2','2013-05-08 07:46:26');
		INSERT INTO USER_MENU_DETAILS(MD_ID,MP_ID,RC_ID,ULD_ID,MD_TIMESTAMP) VALUES ('44','14','2','2','2013-05-08 07:46:26');
		INSERT INTO USER_MENU_DETAILS(MD_ID,MP_ID,RC_ID,ULD_ID,MD_TIMESTAMP) VALUES ('45','15','2','2','2013-05-08 07:46:26');
		INSERT INTO USER_MENU_DETAILS(MD_ID,MP_ID,RC_ID,ULD_ID,MD_TIMESTAMP) VALUES ('46','16','2','2','2013-05-08 07:46:26');
		INSERT INTO USER_MENU_DETAILS(MD_ID,MP_ID,RC_ID,ULD_ID,MD_TIMESTAMP) VALUES ('47','17','2','2','2013-05-09 07:46:27');
		INSERT INTO USER_MENU_DETAILS(MD_ID,MP_ID,RC_ID,ULD_ID,MD_TIMESTAMP) VALUES ('48','18','2','2','2013-05-08 07:46:26');
		INSERT INTO USER_MENU_DETAILS(MD_ID,MP_ID,RC_ID,ULD_ID,MD_TIMESTAMP) VALUES ('49','19','2','2','2014-04-01 00:00:00');
		INSERT INTO USER_MENU_DETAILS(MD_ID,MP_ID,RC_ID,ULD_ID,MD_TIMESTAMP) VALUES ('50','20','2','2','2013-05-08 07:46:26');
		INSERT INTO USER_MENU_DETAILS(MD_ID,MP_ID,RC_ID,ULD_ID,MD_TIMESTAMP) VALUES ('51','21','2','2','2013-05-08 07:46:26');
		INSERT INTO USER_MENU_DETAILS(MD_ID,MP_ID,RC_ID,ULD_ID,MD_TIMESTAMP) VALUES ('52','22','2','2','2013-05-08 07:46:26');
		INSERT INTO USER_MENU_DETAILS(MD_ID,MP_ID,RC_ID,ULD_ID,MD_TIMESTAMP) VALUES ('53','23','2','2','2013-05-08 07:46:26');
		INSERT INTO USER_MENU_DETAILS(MD_ID,MP_ID,RC_ID,ULD_ID,MD_TIMESTAMP) VALUES ('54','24','2','2','2013-05-08 07:46:26');
		INSERT INTO USER_MENU_DETAILS(MD_ID,MP_ID,RC_ID,ULD_ID,MD_TIMESTAMP) VALUES ('55','25','2','2','2014-04-01 00:00:00');
		INSERT INTO USER_MENU_DETAILS(MD_ID,MP_ID,RC_ID,ULD_ID,MD_TIMESTAMP) VALUES ('56','26','2','2','2013-05-08 07:46:26');
		INSERT INTO USER_MENU_DETAILS(MD_ID,MP_ID,RC_ID,ULD_ID,MD_TIMESTAMP) VALUES ('57','27','2','2','2013-05-08 07:46:26');
		INSERT INTO USER_MENU_DETAILS(MD_ID,MP_ID,RC_ID,ULD_ID,MD_TIMESTAMP) VALUES ('58','28','2','2','2013-05-08 07:46:26');
		INSERT INTO USER_MENU_DETAILS(MD_ID,MP_ID,RC_ID,ULD_ID,MD_TIMESTAMP) VALUES ('59','29','2','2','2014-04-01 00:00:00');
		INSERT INTO USER_MENU_DETAILS(MD_ID,MP_ID,RC_ID,ULD_ID,MD_TIMESTAMP) VALUES ('60','30','2','2','2013-05-08 07:46:26');
		INSERT INTO USER_MENU_DETAILS(MD_ID,MP_ID,RC_ID,ULD_ID,MD_TIMESTAMP) VALUES ('61','31','2','2','2013-05-08 07:46:26');
		INSERT INTO USER_MENU_DETAILS(MD_ID,MP_ID,RC_ID,ULD_ID,MD_TIMESTAMP) VALUES ('62','32','2','2','2013-05-08 07:46:26');
		INSERT INTO USER_MENU_DETAILS(MD_ID,MP_ID,RC_ID,ULD_ID,MD_TIMESTAMP) VALUES ('63','33','2','2','2013-05-08 07:46:34');
		INSERT INTO USER_MENU_DETAILS(MD_ID,MP_ID,RC_ID,ULD_ID,MD_TIMESTAMP) VALUES ('64','34','2','2','2013-05-08 07:46:34');
		INSERT INTO USER_MENU_DETAILS(MD_ID,MP_ID,RC_ID,ULD_ID,MD_TIMESTAMP) VALUES ('65','35','2','2','2013-05-08 07:46:26');
		INSERT INTO USER_MENU_DETAILS(MD_ID,MP_ID,RC_ID,ULD_ID,MD_TIMESTAMP) VALUES ('66','36','2','2','2013-05-08 07:46:26');
		INSERT INTO USER_MENU_DETAILS(MD_ID,MP_ID,RC_ID,ULD_ID,MD_TIMESTAMP) VALUES ('67','37','2','2','2013-05-08 07:46:26');
		INSERT INTO USER_MENU_DETAILS(MD_ID,MP_ID,RC_ID,ULD_ID,MD_TIMESTAMP) VALUES ('68','38','2','2','2013-04-08 05:06:19');
		INSERT INTO USER_MENU_DETAILS(MD_ID,MP_ID,RC_ID,ULD_ID,MD_TIMESTAMP) VALUES ('69','39','2','2','2013-05-08 07:46:26');
		INSERT INTO USER_MENU_DETAILS(MD_ID,MP_ID,RC_ID,ULD_ID,MD_TIMESTAMP) VALUES ('70','40','2','2','2013-05-08 07:46:26');
		INSERT INTO USER_MENU_DETAILS(MD_ID,MP_ID,RC_ID,ULD_ID,MD_TIMESTAMP) VALUES ('71','41','2','2','2013-05-08 07:46:26');
		INSERT INTO USER_MENU_DETAILS(MD_ID,MP_ID,RC_ID,ULD_ID,MD_TIMESTAMP) VALUES ('72','42','2','2','2013-05-08 07:46:26');
		INSERT INTO USER_MENU_DETAILS(MD_ID,MP_ID,RC_ID,ULD_ID,MD_TIMESTAMP) VALUES ('73','43','2','2','2014-04-01 00:00:00');
		INSERT INTO USER_MENU_DETAILS(MD_ID,MP_ID,RC_ID,ULD_ID,MD_TIMESTAMP) VALUES ('74','44','2','2','2014-04-01 00:00:00');
		INSERT INTO USER_MENU_DETAILS(MD_ID,MP_ID,RC_ID,ULD_ID,MD_TIMESTAMP) VALUES ('75','7','3','3','2013-05-09 16:36:24');
		INSERT INTO USER_MENU_DETAILS(MD_ID,MP_ID,RC_ID,ULD_ID,MD_TIMESTAMP) VALUES ('76','8','3','3','2013-05-09 16:36:24');
		INSERT INTO USER_MENU_DETAILS(MD_ID,MP_ID,RC_ID,ULD_ID,MD_TIMESTAMP) VALUES ('77','9','3','3','2013-05-09 16:36:24');
		INSERT INTO USER_MENU_DETAILS(MD_ID,MP_ID,RC_ID,ULD_ID,MD_TIMESTAMP) VALUES ('78','10','3','3','2013-05-09 16:36:24');
		INSERT INTO USER_MENU_DETAILS(MD_ID,MP_ID,RC_ID,ULD_ID,MD_TIMESTAMP) VALUES ('79','11','3','3','2013-05-09 16:36:24');
		INSERT INTO USER_MENU_DETAILS(MD_ID,MP_ID,RC_ID,ULD_ID,MD_TIMESTAMP) VALUES ('80','12','3','3','2013-05-09 16:36:24');
		INSERT INTO USER_MENU_DETAILS(MD_ID,MP_ID,RC_ID,ULD_ID,MD_TIMESTAMP) VALUES ('81','13','3','3','2013-05-09 16:36:24');
		INSERT INTO USER_MENU_DETAILS(MD_ID,MP_ID,RC_ID,ULD_ID,MD_TIMESTAMP) VALUES ('82','14','3','3','2013-05-09 16:36:24');
		INSERT INTO USER_MENU_DETAILS(MD_ID,MP_ID,RC_ID,ULD_ID,MD_TIMESTAMP) VALUES ('83','15','3','3','2013-05-09 16:36:24');
		INSERT INTO USER_MENU_DETAILS(MD_ID,MP_ID,RC_ID,ULD_ID,MD_TIMESTAMP) VALUES ('84','16','3','3','2013-05-09 16:36:24');
		INSERT INTO USER_MENU_DETAILS(MD_ID,MP_ID,RC_ID,ULD_ID,MD_TIMESTAMP) VALUES ('85','20','3','3','2013-05-09 16:36:24');
		INSERT INTO USER_MENU_DETAILS(MD_ID,MP_ID,RC_ID,ULD_ID,MD_TIMESTAMP) VALUES ('86','21','3','3','2013-05-09 16:36:24');
		INSERT INTO USER_MENU_DETAILS(MD_ID,MP_ID,RC_ID,ULD_ID,MD_TIMESTAMP) VALUES ('87','22','3','3','2013-05-09 16:36:24');
		INSERT INTO USER_MENU_DETAILS(MD_ID,MP_ID,RC_ID,ULD_ID,MD_TIMESTAMP) VALUES ('88','23','3','3','2013-05-09 16:36:24');
		INSERT INTO USER_MENU_DETAILS(MD_ID,MP_ID,RC_ID,ULD_ID,MD_TIMESTAMP) VALUES ('89','24','3','3','2013-05-09 16:36:24');
		INSERT INTO USER_MENU_DETAILS(MD_ID,MP_ID,RC_ID,ULD_ID,MD_TIMESTAMP) VALUES ('90','26','3','3','2013-05-09 16:36:24');
		INSERT INTO USER_MENU_DETAILS(MD_ID,MP_ID,RC_ID,ULD_ID,MD_TIMESTAMP) VALUES ('91','27','3','3','2013-05-09 16:36:24');
		INSERT INTO USER_MENU_DETAILS(MD_ID,MP_ID,RC_ID,ULD_ID,MD_TIMESTAMP) VALUES ('92','32','3','3','2013-05-09 16:36:24');
		INSERT INTO USER_MENU_DETAILS(MD_ID,MP_ID,RC_ID,ULD_ID,MD_TIMESTAMP) VALUES ('93','33','3','3','2013-05-09 16:36:29');
		INSERT INTO USER_MENU_DETAILS(MD_ID,MP_ID,RC_ID,ULD_ID,MD_TIMESTAMP) VALUES ('94','36','3','3','2013-05-09 16:36:24');
		INSERT INTO USER_MENU_DETAILS(MD_ID,MP_ID,RC_ID,ULD_ID,MD_TIMESTAMP) VALUES ('95','38','3','3','2013-05-09 16:36:24');
		INSERT INTO USER_MENU_DETAILS(MD_ID,MP_ID,RC_ID,ULD_ID,MD_TIMESTAMP) VALUES ('96','2','4','3','2014-02-10 05:36:01');
		INSERT INTO USER_MENU_DETAILS(MD_ID,MP_ID,RC_ID,ULD_ID,MD_TIMESTAMP) VALUES ('97','7','4','3','2014-02-10 05:36:00');
		INSERT INTO USER_MENU_DETAILS(MD_ID,MP_ID,RC_ID,ULD_ID,MD_TIMESTAMP) VALUES ('98','8','4','3','2014-02-10 05:36:00');
		INSERT INTO USER_MENU_DETAILS(MD_ID,MP_ID,RC_ID,ULD_ID,MD_TIMESTAMP) VALUES ('99','9','4','3','2014-02-10 05:36:00');
		INSERT INTO USER_MENU_DETAILS(MD_ID,MP_ID,RC_ID,ULD_ID,MD_TIMESTAMP) VALUES ('100','10','4','3','2014-02-10 05:36:00');
		INSERT INTO USER_MENU_DETAILS(MD_ID,MP_ID,RC_ID,ULD_ID,MD_TIMESTAMP) VALUES ('101','11','4','3','2014-02-10 05:36:00');
		INSERT INTO USER_MENU_DETAILS(MD_ID,MP_ID,RC_ID,ULD_ID,MD_TIMESTAMP) VALUES ('102','12','4','3','2014-02-10 05:36:00');
		INSERT INTO USER_MENU_DETAILS(MD_ID,MP_ID,RC_ID,ULD_ID,MD_TIMESTAMP) VALUES ('103','13','4','3','2014-02-10 05:36:00');
		INSERT INTO USER_MENU_DETAILS(MD_ID,MP_ID,RC_ID,ULD_ID,MD_TIMESTAMP) VALUES ('104','14','4','3','2014-02-10 05:36:00');
		INSERT INTO USER_MENU_DETAILS(MD_ID,MP_ID,RC_ID,ULD_ID,MD_TIMESTAMP) VALUES ('105','15','4','3','2014-02-10 05:36:00');
		INSERT INTO USER_MENU_DETAILS(MD_ID,MP_ID,RC_ID,ULD_ID,MD_TIMESTAMP) VALUES ('106','16','4','3','2014-02-10 05:36:00');
		INSERT INTO USER_MENU_DETAILS(MD_ID,MP_ID,RC_ID,ULD_ID,MD_TIMESTAMP) VALUES ('107','17','4','3','2013-05-08 07:46:28');
		INSERT INTO USER_MENU_DETAILS(MD_ID,MP_ID,RC_ID,ULD_ID,MD_TIMESTAMP) VALUES ('108','20','4','3','2013-05-09 16:36:24');
		INSERT INTO USER_MENU_DETAILS(MD_ID,MP_ID,RC_ID,ULD_ID,MD_TIMESTAMP) VALUES ('109','21','4','3','2014-02-10 05:36:00');
		INSERT INTO USER_MENU_DETAILS(MD_ID,MP_ID,RC_ID,ULD_ID,MD_TIMESTAMP) VALUES ('110','22','4','3','2014-02-10 05:36:00');
		INSERT INTO USER_MENU_DETAILS(MD_ID,MP_ID,RC_ID,ULD_ID,MD_TIMESTAMP) VALUES ('111','23','4','3','2014-02-10 05:36:00');
		INSERT INTO USER_MENU_DETAILS(MD_ID,MP_ID,RC_ID,ULD_ID,MD_TIMESTAMP) VALUES ('112','26','4','3','2014-02-10 05:36:00');
		INSERT INTO USER_MENU_DETAILS(MD_ID,MP_ID,RC_ID,ULD_ID,MD_TIMESTAMP) VALUES ('113','27','4','3','2014-02-10 05:36:00');
		INSERT INTO USER_MENU_DETAILS(MD_ID,MP_ID,RC_ID,ULD_ID,MD_TIMESTAMP) VALUES ('114','28','4','3','2014-02-10 05:36:00');
		INSERT INTO USER_MENU_DETAILS(MD_ID,MP_ID,RC_ID,ULD_ID,MD_TIMESTAMP) VALUES ('115','29','4','3','2014-07-17 11:46:55');
		INSERT INTO USER_MENU_DETAILS(MD_ID,MP_ID,RC_ID,ULD_ID,MD_TIMESTAMP) VALUES ('116','30','4','3','2013-05-08 07:46:26');
		INSERT INTO USER_MENU_DETAILS(MD_ID,MP_ID,RC_ID,ULD_ID,MD_TIMESTAMP) VALUES ('117','31','4','3','2014-02-10 05:36:00');
		INSERT INTO USER_MENU_DETAILS(MD_ID,MP_ID,RC_ID,ULD_ID,MD_TIMESTAMP) VALUES ('118','32','4','3','2014-02-10 05:36:00');
		INSERT INTO USER_MENU_DETAILS(MD_ID,MP_ID,RC_ID,ULD_ID,MD_TIMESTAMP) VALUES ('119','33','4','3','2014-02-10 05:36:00');
		INSERT INTO USER_MENU_DETAILS(MD_ID,MP_ID,RC_ID,ULD_ID,MD_TIMESTAMP) VALUES ('120','34','4','3','2014-02-10 05:36:00');
		INSERT INTO USER_MENU_DETAILS(MD_ID,MP_ID,RC_ID,ULD_ID,MD_TIMESTAMP) VALUES ('121','35','4','3','2014-02-10 05:36:00');
		INSERT INTO USER_MENU_DETAILS(MD_ID,MP_ID,RC_ID,ULD_ID,MD_TIMESTAMP) VALUES ('122','38','4','3','2014-02-10 05:36:00');	
		INSERT INTO PATCH_HISTORY(PO_ID,PH_FILE_NAME,PH_STATUS,ULD_ID) VALUES (2,FILENAME,1,(SELECT ULD_ID FROM USER_LOGIN_DETAILS 
		WHERE ULD_LOGINID=USERSTAMP));
		SET SUCCESS_MESSAGE = SUCCESSECNDATA;	
	END IF;	
	COMMIT;
END;
CALL SP_MERGING_MENU_INSERT(FILENAME,USERSTAMP,@SUCCESS_MESSAGE);